accuracy,high_confidence_accuracy,precision_unseen,recall_unseen,f1_unseen
0.7544857768052516,0.915526950925181,0.5623800383877159,0.8567251461988304,0.6790266512166859
